{
    "clienttoken": "MTMyNTA5MzI3OTQzNTQ2MDcxMQ.G9I1Sw.gySYShsG93cUA_qDx1bKpGvzS3nQHUeusDlb5g",
    "Note_Token:": "Put Your Bot Token Above (If your using replit then make a new secret 'clienttoken' and put ur bot token there... and then keep this string empty)",
    "clientname": "BLADEZ",
    "clientid": "1325093279435460711",
    "TestingServerID": "1304478434487177248",
    "clientavatar": "",
    "prefix": "..",
    "developerID": [
        "870179991462236170"
    ],
    "mongooseConnectionString": "mongodb+srv://codex-in1:codex-in1@codex-in1.1bgxp.mongodb.net/?retryWrites=true&w=majority",
    "colorthemecode": "#87CEEB",
    "randomMessages_Cooldown": [
        "Wait Dont Spam...",
        "Spaming Isn't Cool....",
        "Never Gonna Let You Down",
        "Hold ur horses....",
        "Are you whore"
    ],
    "NOTE:": "IF YOU DONT PUT STUFF HERE IT WILL THROW ERRS",
    "topgg": ""
}